id;street_address;postal_code;city;state_province
1;excluding supposing;at commemorate;La Mesa;anxiously delectable
2;punctually provided criminal;compassionate apud rosin;Lynchstad;shush
3;gah that yin;yeast;Port Rachellefurt;ferociously
4;focused flickering;at usually;East Orphatown;kowtow
5;follower;apropos;Brockland;front winged
6;pfft down;quaintly ha;Redlands;an
7;well-to-do solidly;extremely colossal once;West Wainoland;brr
8;overcharge;tenderly;Tulare;vastly knottily ingratiate
9;oh coordinated;opposite reluctantly;Johnsonberg;sentimental once
10;briefly;too lest;Charitystad;pro impish ew
